id;tank_number;owner_name;client_name
1;52416906;"ООО ""Укррос-Транс""";Кнауф
2;52551306;"ООО ""Укррос-Транс""";Кнауф
3;52538717;"ООО ""Укррос-Транс""";Кнауф
4;52416914;"ООО ""Укррос-Транс""";Кнауф
5;52416872;"ООО ""Укррос-Транс""";Кнауф
6;52551348;"ООО ""Укррос-Транс""";Кнауф
7;52543808;"ООО ""Укррос-Транс""";ТЛГ
8;52531332;"ООО ""Укррос-Транс""";Кнауф
9;52416930;"ООО ""Укррос-Транс""";Кнауф
10;52508256;"ООО ""Укррос-Транс""";Кнауф
11;52416922;"ООО ""Укррос-Транс""";Кнауф
12;52551330;"ООО ""Укррос-Транс""";Кнауф
13;52531340;"ООО ""Укррос-Транс""";Кнауф
14;52416880;"ООО ""Укррос-Транс""";Кнауф
15;52416831;"ООО ""Укррос-Транс""";Кнауф
16;52542982;"ООО ""Укррос-Транс""";ТЛГ
17;52542735;"ООО ""Укррос-Транс""";ТЛГ
18;52543782;"ООО ""Укррос-Транс""";ТЛГ
19;62976261;ФМС груп;Техрейс
20;52409877;"ООО ""Укррос-Транс""";ТЛГ
21;52414562;"ООО ""Укррос-Транс""";крытые однодверные
22;62398987;Индустриальные решения;Техрейс
23;62399241;Индустриальные решения;Техрейс
24;62400130;Индустриальные решения;Техрейс
25;62400189;Индустриальные решения;Техрейс
26;62400445;Индустриальные решения;Техрейс
27;52297850;НВ-Транс;Техрейс
28;52177839;НВ-Транс;Техрейс
29;52293073;СВ ТРАНС ГРУПП;Техрейс
30;55484141;НВ-Транс;Техрейс
31;52377322;НВ-Транс;Агрохимресурс
32;56070998;НВ-Транс;Техрейс
33;52542719;"ООО ""Укррос-Транс""";ТЛГ
34;52542701;"ООО ""Укррос-Транс""";ТЛГ
35;52542669;"ООО ""Укррос-Транс""";ТЛГ
36;52542776;"ООО ""Укррос-Транс""";ТЛГ
37;52542727;"ООО ""Укррос-Транс""";ТЛГ
38;52379914;НВ-Транс;Техрейс
39;53007217;Транспостач Логістик;Техрейс
40;53002382;НВ-Транс;Лидер
41;56567639;СВ ТРАНС ГРУПП;Агрохимресурс
42;62784582;НПП АРМЕТ;Техрейс
43;62784608;НПП АРМЕТ;Техрейс
44;62784616;НПП АРМЕТ;Лидер
45;62784624;НПП АРМЕТ;Агрохимресурс
46;62784632;НПП АРМЕТ;Подольский цемент
47;62784657;НПП АРМЕТ;Подольский цемент
48;62784673;НПП АРМЕТ;Подольский цемент
49;62784681;НПП АРМЕТ;Техрейс
50;62784715;НПП АРМЕТ;Техрейс
51;62784723;НПП АРМЕТ;Техрейс
52;62784731;НПП АРМЕТ;Техрейс
53;62784749;НПП АРМЕТ;Техрейс
54;62784756;НПП АРМЕТ;Техрейс
55;62784764;НПП АРМЕТ;Техрейс
56;62784772;НПП АРМЕТ;Техрейс
57;62784780;НПП АРМЕТ;Техрейс
58;62784806;НПП АРМЕТ;Лидер
59;62784814;НПП АРМЕТ;Подольский цемент
60;62784848;НПП АРМЕТ;ГРАНІТ-ЮГ С
61;62784871;НПП АРМЕТ;Техрейс
62;62784889;НПП АРМЕТ;Лидер
63;62784905;НПП АРМЕТ;Техрейс
64;62784913;НПП АРМЕТ;Техрейс
65;62784921;НПП АРМЕТ;Техрейс
66;62784954;НПП АРМЕТ;Техрейс
67;52427531;Трансфорвардинг;Кнауф
68;52456670;Трансфорвардинг;Кнауф
69;52456761;Трансфорвардинг;Кнауф
70;52456779;Трансфорвардинг;Кнауф
71;52456977;ФМС груп;Кнауф
72;52457033;ФМС груп;Кнауф
73;52457074;ФМС груп;Кнауф
74;52456621;Трансфорвардинг;Кнауф
75;52456720;Трансфорвардинг;Кнауф
76;23999386;УТЛ;Кнауф
77;24048662;УТЛ;Кнауф
78;24360018;УТЛ;Кнауф
79;24327785;УТЛ;Кнауф
80;24045825;УТЛ;Кнауф
81;24465312;УТЛ;Кнауф
82;24373557;УТЛ;Кнауф
83;24404022;УТЛ;Кнауф
84;24331100;УТЛ;Кнауф
85;23996630;УТЛ;крытые однодверные
86;23998354;УТЛ;ТЛГ
87;24373441;УТЛ;Кнауф
88;24373474;УТЛ;Кнауф
89;24404204;УТЛ;Кнауф
90;24462376;УТЛ;Кнауф
91;24465213;УТЛ;Кнауф
92;24466252;УТЛ;Кнауф
93;24466260;УТЛ;Кнауф
94;24466328;УТЛ;Кнауф
95;52427580;Трансфорвардинг;Кнауф
96;52456613;Трансфорвардинг;Кнауф
97;52456688;Трансфорвардинг;Кнауф
98;52456753;Трансфорвардинг;Кнауф
99;52456951;Трансфорвардинг;Кнауф
100;52456910;Трансфорвардинг;Кнауф
101;23999451;УТЛ;крытые однодверные
102;24460800;УТЛ;Кнауф
103;24462830;УТЛ;Кнауф
104;24373540;УТЛ;Кнауф
105;24373565;УТЛ;Кнауф
106;24466344;УТЛ;Кнауф
107;24466385;УТЛ;Кнауф
108;24466500;УТЛ;Кнауф
109;24466518;УТЛ;Кнауф
110;24466666;УТЛ;Кнауф
111;52456639;Трансфорвардинг;Кнауф
112;52456712;Трансфорвардинг;Кнауф
113;52456746;Трансфорвардинг;Кнауф
114;52034956;Трансфорвардинг;Кнауф
115;52412434;"ООО ""Укррос-Транс""";ТЛГ
116;52414570;"ООО ""Укррос-Транс""";крытые однодверные
117;52427937;Трансфорвардинг;Кнауф
118;52456654;Трансфорвардинг;Кнауф
119;63469589;Индустриальные решения;Енко Ентерпрайз
120;63469563;Индустриальные решения;Подольский цемент
121;63469639;ФМС груп;ГРАНІТ-ЮГ С
122;63469571;Индустриальные решения;Енко Ентерпрайз
123;63469548;Индустриальные решения;Лидер
124;52456704;Трансфорвардинг;Кнауф
125;52456969;Трансфорвардинг;Кнауф
126;63565410;АЛЬФА ГРУПП КИЕВ;Техрейс
127;63565501;АЛЬФА ГРУПП КИЕВ;Лидер
128;63565519;АЛЬФА ГРУПП КИЕВ;Лидер
129;63565527;АЛЬФА ГРУПП КИЕВ;Техрейс
130;63565535;АЛЬФА ГРУПП КИЕВ;Техрейс
131;63565550;АЛЬФА ГРУПП КИЕВ;Техрейс
132;63565477;АЛЬФА ГРУПП КИЕВ;Техрейс
133;63565543;АЛЬФА ГРУПП КИЕВ;Техрейс
134;52414687;Керрилайн;Кнауф
135;52414729;Керрилайн;Кнауф
136;52690187;Керрилайн ;Кнауф
137;52690203;Керрилайн;Кнауф
138;52142866;Керрилайн РФ;Кнауф
139;52413481;Керрилайн;Кнауф
140;52577368;Керрилайн РФ;Кнауф
141;52690104;Керрилайн РФ;Кнауф
142;52508488;ТТГ;Кнауф
143;52508439;ТТГ;Кнауф
144;52592268;ТТГ;Кнауф
145;52592243;ТТГ;Кнауф
146;52592250;ТТГ;Кнауф
147;52592235;ТТГ;Кнауф
148;52592227;ТТГ;Кнауф
149;52143153;Керрилайн РФ;Кнауф
150;52114865;Керрилайн РФ;Кнауф
151;52599206;Керрилайн РФ;Кнауф
152;52690161;Керрилайн РФ;Кнауф
153;52142627;Керрилайн;Кнауф
154;52413556;Керрилайн;Кнауф
155;52537891;Керрилайн;Кнауф
156;62813233;Индустриальные решения;Техрейс
157;62813381;Индустриальные решения;Техрейс
158;62835129;Индустриальные решения;ГРАНІТ-ЮГ С
159;62834817;Индустриальные решения;Техрейс
160;62804034;ФМС груп;Техрейс
161;62808910;ФМС груп;Техрейс
162;52414703;Керрилайн РФ;Кнауф
163;52414752;Керрилайн;Кнауф
164;52530995;Керрилайн РФ;Кнауф
165;52111903;Керрилайн РФ;Кнауф
166;52577376;Керрилайн РФ;Кнауф
167;52510708;Керрилайн;крытые однодверные
168;67198010;УТЛ;Техрейс
169;52530292;"ООО ""Укррос-Транс""";Кнауф
170;52531357;"ООО ""Укррос-Транс""";Кнауф
171;52576832;"ООО ""Укррос-Транс""";Кнауф
172;52576816;"ООО ""Укррос-Транс""";Кнауф
173;61104337;УТЛ;Техрейс
174;61104816;УТЛ;Лидер
175;61105078;УТЛ;Техрейс
176;61105987;УТЛ;Техрейс
177;61107306;УТЛ;Техрейс
178;61107959;УТЛ;Техрейс
179;63037006;ФМС груп;Техрейс
180;63039184;ФМС груп;Техрейс
181;63040182;ФМС груп;Техрейс
182;63044556;ФМС груп;Лидер
183;63049159;ФМС груп;ГРАНІТ-ЮГ С
184;63059315;ФМС груп;Техрейс
185;63069348;ФМС груп;Техрейс
186;63069678;ФМС груп;Техрейс
187;63083638;Индустриальные решения;Техрейс
188;52577384;Керрилайн;Кнауф
189;52530698;Керрилайн РФ;Кнауф
190;52508843;Керрилайн;крытые однодверные
191;63070221;Индустриальные решения;Техрейс
192;63071476;Индустриальные решения;Техрейс
193;63084909;Индустриальные решения;Техрейс
194;52142650;Керрилайн 67 РФ;Кнауф
195;52414737;Керрилайн РФ;Кнауф
196;52414745;Керрилайн РФ;Кнауф
197;52419389;Керрилайн РФ;Кнауф
198;52537792;Керрилайн;Кнауф
199;52599180;Керрилайн РФ;Кнауф
200;52546991;АССТРА;Кнауф
201;52427101;АССТРА РФ;Кнауф
202;52425964;АССТРА;Кнауф
203;52425949;АССТРА;Кнауф
204;52411030;АССТРА РФ;Кнауф
205;52142726;АССТРА;Кнауф
206;52034816;АССТРА РФ;Кнауф
207;52538998;АССТРА РФ;Кнауф
208;52426152;АССТРА;Кнауф
209;52426038;АССТРА;Кнауф
210;52523990;АССТРА;Кнауф
211;52414984;АССТРА РФ;Кнауф
212;52114857;Керрилайн РФ;Кнауф
213;52690179;Керрилайн 67;Кнауф
214;52577632;Керрилайн;Кнауф
215;52524436;Керрилайн;Кнауф
216;64057664;АЛЬФА ГРУПП КИЕВ;Агрохимресурс
217;64057946;АЛЬФА ГРУПП КИЕВ;Техрейс
218;64057953;АЛЬФА ГРУПП КИЕВ;Лидер
219;64057979;АЛЬФА ГРУПП КИЕВ;Техрейс
220;64057961;АЛЬФА ГРУПП КИЕВ;Подольский цемент
221;64058019;АЛЬФА ГРУПП КИЕВ;Техрейс
222;64058027;АЛЬФА ГРУПП КИЕВ;Техрейс
223;64058035;АЛЬФА ГРУПП КИЕВ;Техрейс
224;64058050;АЛЬФА ГРУПП КИЕВ;Подольский цемент
225;64058068;АЛЬФА ГРУПП КИЕВ;Техрейс
226;64058175;АЛЬФА ГРУПП КИЕВ;Подольский цемент
227;64058209;АЛЬФА ГРУПП КИЕВ;Техрейс
228;52427143;АССТРА;Кнауф
229;52034873;АССТРА;Кнауф
230;52408853;Керрилайн;Кнауф
231;52544418;Керрилайн;Кнауф
232;52544434;Керрилайн;Кнауф
233;52582467;Керрилайн РФ;Кнауф
234;52544459;Керрилайн;Кнауф
235;52582434;Керрилайн РФ;Кнауф
236;52544517;Керрилайн;Кнауф
237;52544483;Керрилайн;Кнауф
238;52577657;Керрилайн;Кнауф
239;64236763;АЛЬФА ГРУПП КИЕВ;Лидер
240;64236789;АЛЬФА ГРУПП КИЕВ;Подольский цемент
241;64236805;АЛЬФА ГРУПП КИЕВ;Техрейс
242;64236813;АЛЬФА ГРУПП КИЕВ;Техрейс
243;64238041;АЛЬФА ГРУПП КИЕВ;Лидер
244;64238033;АЛЬФА ГРУПП КИЕВ;Техрейс
245;64238017;АЛЬФА ГРУПП КИЕВ;ГРАНІТ-ЮГ С
246;64238009;АЛЬФА ГРУПП КИЕВ;Лидер
247;64237977;АЛЬФА ГРУПП КИЕВ;Техрейс
248;64237969;АЛЬФА ГРУПП КИЕВ;Подольский цемент
249;64238058;АЛЬФА ГРУПП КИЕВ;ГРАНІТ-ЮГ С
250;64238066;АЛЬФА ГРУПП КИЕВ;Техрейс
251;64238074;АЛЬФА ГРУПП КИЕВ;Подольский цемент
252;64238108;АЛЬФА ГРУПП КИЕВ;Техрейс
253;64238116;АЛЬФА ГРУПП КИЕВ;Подольский цемент
254;64238124;АЛЬФА ГРУПП КИЕВ;ГРАНІТ-ЮГ С
255;64238140;АЛЬФА ГРУПП КИЕВ;ГРАНІТ-ЮГ С
256;64238165;АЛЬФА ГРУПП КИЕВ;Техрейс
257;64238173;АЛЬФА ГРУПП КИЕВ;ГРАНІТ-ЮГ С
258;64238181;АЛЬФА ГРУПП КИЕВ;Техрейс
259;52142601;АССТРА;Кнауф
260;52426921;АССТРА;Кнауф
261;56450638;АЛЬФА ГРУПП КИЕВ;Техрейс
262;24055139;"ООО ""LDZ CARGO""";ТЦ
263;24092413;Антранс;Кнауф
264;24383168;"ООО ""LDZ CARGO""";ТЦ
265;24383218;Антранс;ТЦ
266;24383283;"ООО ""LDZ CARGO""";ТЦ
267;"ООО ""LDZ CARGO""";Антранс;ТЦ
268;24478471;Антранс;Кнауф
269;56450539;АЛЬФА ГРУПП КИЕВ;Техрейс
270;56450612;АЛЬФА ГРУПП КИЕВ;Техрейс
271;52142700;АССТРА РФ;Кнауф
272;60717261;Летранс;Лидер
273;64245160;ФМС груп;Лидер
274;64245178;ФМС груп;Техрейс
275;64245186;ФМС груп;Техрейс
276;64245202;ФМС груп;Подольский цемент
277;64245210;ФМС груп;Подольский цемент
278;60958287;Индустриальные решения;Техрейс
279;60959871;Индустриальные решения;Техрейс
280;60960630;Индустриальные решения;Техрейс
281;60962024;Индустриальные решения;Техрейс
282;60962883;Индустриальные решения;Техрейс
283;60963147;Индустриальные решения;Техрейс
284;60963477;Индустриальные решения;Техрейс
285;52404084;Укррос-Транс;Кнауф
286;52576840;Укррос-Транс;Кнауф
287;61908927;Промкомплект;Техрейс
288;52508249;Укррос-Транс;Кнауф
289;52531365;Укррос-Транс;Кнауф
290;52551363;Укррос-Транс;Кнауф
291;52416849;Укррос-Транс;Кнауф
292;52426764;АССТРА;Кнауф
293;52544699;АССТРА РФ;Кнауф
294;52411022;АССТРА РФ;Кнауф
295;52524097;АССТРА;Кнауф
296;52142635;АССТРА РФ;Кнауф
297;52539095;АССТРА РФ;Кнауф
298;61398186;Аурум Транс;Лидер
299;62078522;Аурум Транс;Лидер
300;61397816;Аурум Транс;Техрейс
301;61492682;Аурум Транс;Техрейс
302;64260011;Аурум Транс;Техрейс
303;65782708;ТрансЕнерджи;Техрейс
304;61356713;ТрансЕнерджи;Техрейс
305;62934211;ТрансЕнерджи;Лидер
306;61357075;ТрансЕнерджи;Техрейс
307;65761132;ТрансЕнерджи;Лидер
308;55082408;ТрансЕнерджи;Техрейс
309;61356663;ТрансЕнерджи;Лидер
310;61357083;ТрансЕнерджи;Техрейс
311;61356804;ТрансЕнерджи;Лидер
312;52290715;Аурум Транс;Техрейс
313;61398889;Аурум Транс;Техрейс
314;61034112;Аурум Транс;Лидер
315;61033957;Аурум Транс;Техрейс
316;52425774;АССТРА;Кнауф
317;55084271;Аурум Транс;Лидер
318;55388730;Аурум Транс;Техрейс
319;61033965;Аурум Транс;Техрейс
320;61034831;Аурум Транс;Техрейс
321;61660809;Аурум Транс;Техрейс
322;62959127;Аурум Транс;Техрейс
323;63390736;Аурум Транс;Техрейс
324;65770984;ТрансЕнерджи;Техрейс
325;61357067;ТрансЕнерджи;Техрейс
326;65761124;ТрансЕнерджи;Техрейс
327;58376625;Аурум Транс;Техрейс
328;57446338;Аурум Транс;Техрейс
329;61034146;Аурум Транс;Техрейс
330;61034849;Аурум Транс;Техрейс
331;61397907;Аурум Транс;Техрейс
332;62078415;Аурум Транс;Техрейс
333;62959184;Аурум Транс;Лидер
334;55383962;Аурум Транс;Техрейс
335;55084198;Аурум Транс;Техрейс
336;63390702;Аурум Транс;Агрохимресурс
337;61397717;Аурум Транс;Техрейс
338;55084081;Аурум Транс;Техрейс
339;28326494;Экспансия;Кнауф
340;52111887;АССТРА РФ;Кнауф
341;24374134;ТЕГРА;Кнауф
342;24201261;ТЕГРА;Кнауф
343;24259780;ТЕГРА;Кнауф
344;24374340;ТЕГРА;Кнауф
345;24201030;ТЕГРА;Кнауф
346;24200156;ТЕГРА;Кнауф
347;24374811;ТЕГРА;Кнауф
348;55082473;Аурум Транс;Техрейс
349;55083646;Аурум Транс;Техрейс
350;63704142;Аурум Транс;Техрейс
351;61908745;Промкомплект;Лидер
352;61909461;Промкомплект;Техрейс
353;61910212;Промкомплект;Лидер
354;61910170;Промкомплект;Лидер
355;60415965;Промкомплект;Лидер
356;60415981;Промкомплект;Техрейс
357;60416005;Промкомплект;Техрейс
358;63704126;Аурум Транс;Техрейс
359;63262612;ТрансЕнерджи;Техрейс
360;63270888;ТрансЕнерджи;Техрейс
361;63279814;ТрансЕнерджи;Лидер
362;63280275;ТрансЕнерджи;Техрейс
363;63281216;ТрансЕнерджи;Техрейс
364;64226681;ФМС груп;Агрохимресурс
365;64226673;ФМС груп;Техрейс
366;63067276;ФМС груп;Техрейс
367;63060248;ФМС груп;Подольский цемент
368;64226707;ФМС груп;Техрейс
369;64226541;ФМС груп;Подольский цемент
370;62976303;ФМС груп;Техрейс
371;64226558;ФМС груп;Техрейс
372;64226574;ФМС груп;Техрейс
373;64226566;ФМС груп;Техрейс
374;64226525;ФМС груп;Техрейс
375;62976220;ФМС груп;Лидер
376;62800875;ФМС груп;Техрейс
377;62976246;ФМС груп;Техрейс
378;63048078;ФМС груп;Подольский цемент
379;63469621;ФМС груп;Лидер
380;62976279;ФМС груп;Агрохимресурс
381;64226632;ФМС груп;Лидер
382;64226616;ФМС груп;Техрейс
383;64226608;ФМС груп;Лидер
384;62976212;ФМС груп;Подольский цемент
385;63068548;ФМС груп;Техрейс
386;62976287;ФМС груп;ГРАНІТ-ЮГ С
387;63041446;ФМС груп;Техрейс
388;63038277;ФМС груп;Лидер
389;62976188;ФМС груп;Техрейс
390;62976204;ФМС груп;Подольский цемент
391;64226723;ФМС груп;ГРАНІТ-ЮГ С
392;64226657;ФМС груп;Техрейс
393;63469613;ФМС груп;Техрейс
394;62976253;ФМС груп;ГРАНІТ-ЮГ С
395;63054928;ФМС груп;Подольский цемент
396;62976238;ФМС груп;Техрейс
397;52457108;ФМС;Кнауф
398;24200651;ТЕГРА;Кнауф
399;24200875;ТЕГРА;Кнауф
400;24201584;ТЕГРА;Кнауф
401;24374316;ТЕГРА;Кнауф
402;24200339;ТЕГРА;Кнауф
403;24261349;ТЕГРА;Кнауф
404;24260663;ТЕГРА;Кнауф
405;24200131;ТЕГРА;Кнауф
406;24200172;ТЕГРА;Кнауф
407;24200230;ТЕГРА;Кнауф
408;24201139;ТЕГРА;Кнауф
409;24405300;ТЕГРА;Кнауф
410;26000398;ТЕГРА;крытые однодверные
411;24207664;ТЕГРА;Кнауф
412;24201246;ТЕГРА;Кнауф
413;64473317;ТД АЗОВМАШЭКСПОРТ;Техрейс
414;64473325;ТД АЗОВМАШЭКСПОРТ;Енко Ентерпрайз
415;64473333;ТД АЗОВМАШЭКСПОРТ;Техрейс
416;64473341;ТД АЗОВМАШЭКСПОРТ;Техрейс
417;64473366;ТД АЗОВМАШЭКСПОРТ;Техрейс
418;64473374;ТД АЗОВМАШЭКСПОРТ;Техрейс
419;64473408;ТД АЗОВМАШЭКСПОРТ;Техрейс
420;64473416;ТД АЗОВМАШЭКСПОРТ;Техрейс
421;61280426;ТД АЗОВМАШЭКСПОРТ;Техрейс
422;61281523;ТД АЗОВМАШЭКСПОРТ;ГРАНІТ-ЮГ С
423;52771839;ЛЬОНАГРОПРОМ;Техрейс
424;56377179;ЛЬОНАГРОПРОМ;Лидер
425;56465370;ЛЬОНАГРОПРОМ;Техрейс
426;66385709;ЛЬОНАГРОПРОМ;Техрейс
427;52365913;Трейн Інвестмент;Техрейс
428;52771755;Трейн Інвестмент;Техрейс
429;52771771;Трейн Інвестмент;Техрейс
430;52771805;Трейн Інвестмент;Техрейс
431;52771888;Трейн Інвестмент;Агрохимресурс
432;56358484;Трейн Інвестмент;Техрейс
433;24405334;ТЕГРА;Кнауф
434;24201451;ТЕГРА;Кнауф
435;52411063;АССТРА РФ;Кнауф
436;52539293;АССТРА ;Кнауф
437;64232168;Нико-Рейл;Техрейс
438;56299381;Вагат Транс;Лидер
439;56367741;Вагат Транс;Агрохимресурс
440;56565344;УГЛЕПРОМТРАНС;Техрейс
441;56565302;УГЛЕПРОМТРАНС;Техрейс
442;56565286;УГЛЕПРОМТРАНС;Техрейс
443;56565187;УГЛЕПРОМТРАНС;Техрейс
444;56565203;УГЛЕПРОМТРАНС;Техрейс
445;56565260;УГЛЕПРОМТРАНС;Техрейс
446;56565211;УГЛЕПРОМТРАНС;Техрейс
447;56565369;УГЛЕПРОМТРАНС;Техрейс
448;56511223;УГЛЕПРОМТРАНС;Техрейс
449;52677911;Экспансия;Кнауф
450;52034642;Асстра;Кнауф
451;52426145;Асстра;Кнауф
452;61107181;УТЛ;Лидер
453;61103719;УТЛ;Техрейс
454;61103750;УТЛ;Техрейс
455;62679105;УТЛ;Техрейс
456;62679576;УТЛ;Техрейс
457;62683719;УТЛ;Техрейс
458;61104576;УТЛ;Техрейс
459;62683909;УТЛ;Техрейс
460;62682455;УТЛ;Техрейс
461;62679824;УТЛ;Техрейс
462;62679550;УТЛ;Техрейс
463;56936255;Галицька Логістична Компанія ;Лидер
464;56936016;Галицька Логістична Компанія ;Агрохимресурс
465;59182121;Галицька Логістична Компанія ;Лидер
466;52798774;Галицька Логістична Компанія ;Лидер
467;55066682;Галицька Логістична Компанія ;Техрейс
468;55066666;Галицька Логістична Компанія ;Техрейс
469;60564325;Транспостач Логістик;Техрейс
470;60022860;Укрвагонпостач;Техрейс
471;64054380;Укрвагонпостач;Техрейс
472;52226040;Трейн Інвестмент;Техрейс
473;24436636;Керрилайн;Кнауф
474;24436628;Керрилайн;Кнауф
475;24544975;Керрилайн;Кнауф
476;24436651;Керрилайн;Кнауф
477;24436545;Керрилайн;Кнауф
478;60963048;Индустриальные решения;Подольский цемент
479;60029394;ЕУ-Транс;Техрейс
480;60028891;ЕУ-Транс;Лидер
481;52812112;ЕУ-Транс;Лидер
482;60029493;ЕУ-Транс;ІНТЕК
483;56001993;ЕУ-Транс;Техрейс
484;60029592;ЕУ-Транс;ІНТЕК
485;60029295;ЕУ-Транс;Техрейс
486;60028792;ЕУ-Транс;Лидер
487;54894357;ЛЬОНАГРОПРОМ;Лидер
488;56730815;ЕУ-Транс;Техрейс
489;56730807;ЕУ-Транс;Техрейс
490;56730757;ЕУ-Транс;Техрейс
491;56730781;ЕУ-Транс;Техрейс
492;56727928;ЕУ-Транс;Техрейс
493;56730773;ЕУ-Транс;Техрейс
494;56727936;ЕУ-Транс;Техрейс
495;53013942;ЕУ-Транс;Техрейс
496;56730765;ЕУ-Транс;Техрейс
497;56727951;ЕУ-Транс;Техрейс
498;56624307;ЕУ-Транс;ІНТЕК
499;56590987;ЮТАЛ-ТРАНС;Техрейс
500;52244233;ЮТАЛ-ТРАНС;Техрейс
501;52244308;ЮТАЛ-ТРАНС;Техрейс
502;53101952;ЮТАЛ-ТРАНС;Техрейс
503;53101960;ЮТАЛ-ТРАНС;Техрейс
504;55077820;ЮТАЛ-ТРАНС;Техрейс
505;55077838;ЮТАЛ-ТРАНС;Техрейс
506;55080329;ЮТАЛ-ТРАНС;Лидер
507;55080360;ЮТАЛ-ТРАНС;Техрейс
508;56030505;ЮТАЛ-ТРАНС;Техрейс
509;56030620;ЮТАЛ-ТРАНС;Подольский цемент
510;56030638;ЮТАЛ-ТРАНС;Техрейс
511;56030737;ЮТАЛ-ТРАНС;Техрейс
512;56030828;ЮТАЛ-ТРАНС;Техрейс
513;56030901;ЮТАЛ-ТРАНС;Техрейс
514;56030919;ЮТАЛ-ТРАНС;Техрейс
515;56067887;ЮТАЛ-ТРАНС;Техрейс
516;56067929;ЮТАЛ-ТРАНС;Техрейс
517;56068117;ЮТАЛ-ТРАНС;Техрейс
518;56068133;ЮТАЛ-ТРАНС;Подольский цемент
519;56068182;ЮТАЛ-ТРАНС;Техрейс
520;56068216;ЮТАЛ-ТРАНС;Техрейс
521;56068307;ЮТАЛ-ТРАНС;Техрейс
522;56068323;ЮТАЛ-ТРАНС;Подольский цемент
523;56068364;ЮТАЛ-ТРАНС;Техрейс
524;56068414;ЮТАЛ-ТРАНС;Техрейс
525;56068455;ЮТАЛ-ТРАНС;Техрейс
526;56104623;ЮТАЛ-ТРАНС;Техрейс
527;56104987;ЮТАЛ-ТРАНС;Техрейс
528;56107568;ЮТАЛ-ТРАНС;Техрейс
529;56107808;ЮТАЛ-ТРАНС;Техрейс
530;56107980;ЮТАЛ-ТРАНС;Лидер
531;56291362;ЮТАЛ-ТРАНС;Техрейс
532;56293731;ЮТАЛ-ТРАНС;Техрейс
533;56567571;ЮТАЛ-ТРАНС;Техрейс
534;56590987;ЮТАЛ-ТРАНС;Техрейс
535;56591050;ЮТАЛ-ТРАНС;Техрейс
536;56591159;ЮТАЛ-ТРАНС;Лидер
537;56596901;ЮТАЛ-ТРАНС;Лидер
538;56597081;ЮТАЛ-ТРАНС;Техрейс
539;56614423;ЮТАЛ-ТРАНС;Техрейс
540;56614704;ЮТАЛ-ТРАНС;Лидер
541;56619315;ЮТАЛ-ТРАНС;Подольский цемент
542;56619919;ЮТАЛ-ТРАНС;Техрейс
543;56626500;ЮТАЛ-ТРАНС;Техрейс
544;56628985;ЮТАЛ-ТРАНС;Техрейс
545;58332958;ЮТАЛ-ТРАНС;Лидер
546;58335472;ЮТАЛ-ТРАНС;Техрейс
547;56730849;ЕУ-Транс;Техрейс
548;53013959;ЕУ-Транс;Техрейс
549;53013926;ЕУ-Транс;Техрейс
550;56627466;ЕУ-Транс;Техрейс
551;56727944;ЕУ-Транс;Техрейс
552;53013934;ЕУ-Транс;Техрейс
553;56624513;ЕУ-Транс;Техрейс
554;56610553;ЕУ-Транс;Техрейс
555;56624745;ЕУ-Транс;Техрейс
556;56624786;ЕУ-Транс;Лидер
557;56627136;ЕУ-Транс;Техрейс
558;56627326;ЕУ-Транс;Техрейс
559;52807211;ЕУ-Транс;Техрейс
560;56610231;ЕУ-Транс;ІНТЕК
561;56624539;ЕУ-Транс;Лидер
562;56627045;ЕУ-Транс;Техрейс
563;56627367;ЕУ-Транс;Техрейс
564;56628571;ЕУ-Транс;Лидер
565;56697949;ЕУ-Транс;ІНТЕК
566;56695117;ЕУ-Транс;ІНТЕК
567;56628605;ЕУ-Транс;Техрейс
568;56628688;ЕУ-Транс;Лидер
569;56610306;ЕУ-Транс;ІНТЕК
570;56624570;ЕУ-Транс;Техрейс
571;56695042;ЕУ-Транс;Лидер
572;56698087;ЕУ-Транс;ІНТЕК
573;56626880;ЕУ-Транс;ІНТЕК
574;56351703;Трейн Інвестмент;Техрейс
575;56567589;Трейн Інвестмент;Техрейс
576;56610124;ЕУ-Транс;Лидер
577;55066690;Трейн Інвестмент;Техрейс
578;56695109;ЕУ-Транс;ІНТЕК
579;56627177;ЕУ-Транс;ІНТЕК
580;56628936;ЕУ-Транс;Лидер
581;56624331;ЕУ-Транс;Техрейс
582;56610314;ЕУ-Транс;Техрейс
583;56627565;ЕУ-Транс;Агрохимресурс
584;52807203;ЕУ-Транс;Техрейс
585;56624331;ЕУ-Транс;Техрейс
586;56610314;ЕУ-Транс;Техрейс
587;56627565;ЕУ-Транс;Агрохимресурс
588;52807203;ЕУ-Транс;Техрейс
589;56596786;ЮТАЛ-ТРАНС;Техрейс
590;58335332;ЮТАЛ-ТРАНС;Техрейс
591;56730823;ЕУ-Транс;Техрейс
592;56695034;ЕУ-Транс;ІНТЕК
593;52416856;Укррос;Кнауф
594;52540861;ВКС;Кнауф
595;52421443;ВКС;Кнауф
596;56634660;ЕУ-Транс;ІНТЕК
597;56356074;СВ Транс;Агрохимресурс
598;52226883;СВ Транс;Агрохимресурс
599;24209827;Илит;Илит
600;24209769;Илит;Илит
601;24200081;Илит;Илит
602;52428273;Илит;Илит
603;24346140;Илит;Илит
604;52591427;Илит;Илит
605;24200925;Илит;Илит
606;52708161;Илит;Илит
607;23180334;Илит;Илит
608;24201121;Илит;Илит
609;23263163;Илит;Илит
610;24092454;Илит;Илит
611;24204901;Илит;Илит
612;24346157;Илит;Илит
613;24092439;Илит;Илит
614;52457058;Илит;Илит
615;52428364;Илит;Илит
616;52428208;Илит;Илит
617;24383440;Илит;Илит
618;24201170;Илит;Илит
619;52582442;Илит;Илит
620;52405073;Илит;Илит
621;52405057;Илит;Илит
622;24201568;Илит;Илит
623;24392136;Илит;Илит
624;24017378;Илит;Илит
625;24335044;Илит;Илит
626;24383309;Илит;Илит
627;52582475;Илит;Илит
628;24201311;Илит;Илит
629;24231052;Илит;Илит
630;24200602;Илит;Илит
631;24200826;Илит;Илит
632;24201071;Илит;Илит
633;52428471;Илит;Илит
634;24346728;Илит;Илит
635;56327166;НВ-Транс;Техрейс
636;66388901;НВ-Транс;Лидер
637;24019630;ВИК;ВИК
638;24029621;ВИК;ВИК
639;24029704;ВИК;ВИК
640;24029787;ВИК;ВИК
641;24033862;ВИК;ВИК
642;24038630;ВИК;ВИК
643;24039729;ВИК;ВИК
644;24040883;ВИК;ВИК
645;24041048;ВИК;ВИК
646;24041055;ВИК;ВИК
647;24041329;ВИК;ВИК
648;24041808;ВИК;ВИК
649;24042251;ВИК;ВИК
650;24042376;ВИК;ВИК
651;24045924;ВИК;ВИК
652;24046633;ВИК;ВИК
653;24049157;ВИК;ВИК
654;24049207;ВИК;ВИК
655;24049439;ВИК;ВИК
656;24050510;ВИК;ВИК
657;24050536;ВИК;ВИК
658;24056723;ВИК;ВИК
659;24057010;ВИК;ВИК
660;24057044;ВИК;ВИК
661;24057101;ВИК;ВИК
662;24057150;ВИК;ВИК
663;24057168;ВИК;ВИК
664;24057242;ВИК;ВИК
665;24057275;ВИК;ВИК
666;24057630;ВИК;ВИК
667;24066045;ВИК;ВИК
668;24096554;ВИК;ВИК
669;24096620;ВИК;ВИК
670;24096638;ВИК;ВИК
671;24096653;ВИК;ВИК
672;24096661;ВИК;ВИК
673;24096687;ВИК;ВИК
674;24096729;ВИК;ВИК
675;24096745;ВИК;ВИК
676;24096778;ВИК;ВИК
677;24096786;ВИК;ВИК
678;24096802;ВИК;ВИК
679;24096828;ВИК;ВИК
680;24096851;ВИК;ВИК
681;24096869;ВИК;ВИК
682;24096885;ВИК;ВИК
683;24096901;ВИК;ВИК
684;24096927;ВИК;ВИК
685;24096935;ВИК;ВИК
686;24097628;ВИК;ВИК
687;24097651;ВИК;ВИК
688;24097743;ВИК;ВИК
689;24097750;ВИК;ВИК
690;24097834;ВИК;ВИК
691;24097909;ВИК;ВИК
692;24097917;ВИК;ВИК
693;24105504;ВИК;ВИК
694;24134058;ВИК;ВИК
695;24203283;ВИК;ВИК
696;24210031;ВИК;ВИК
697;24210049;ВИК;ВИК
698;24210072;ВИК;ВИК
699;24210080;ВИК;ВИК
700;24210130;ВИК;ВИК
701;24210148;ВИК;ВИК
702;24210155;ВИК;ВИК
703;24210213;ВИК;ВИК
704;24210262;ВИК;ВИК
705;24210304;ВИК;ВИК
706;24210312;ВИК;ВИК
707;24210320;ВИК;ВИК
708;24210353;ВИК;ВИК
709;24210379;ВИК;ВИК
710;24210445;ВИК;ВИК
711;24210452;ВИК;ВИК
712;24210486;ВИК;ВИК
713;24210502;ВИК;ВИК
714;24210536;ВИК;ВИК
715;24210577;ВИК;ВИК
716;24301145;ВИК;ВИК
717;24334963;ВИК;ВИК
718;24342164;ВИК;ВИК
719;24343121;ВИК;ВИК
720;24344020;ВИК;ВИК
721;24373961;ВИК;ВИК
722;24378036;ВИК;ВИК
723;24383515;ВИК;ВИК
724;24383531;ВИК;ВИК
725;24383564;ВИК;ВИК
726;24383614;ВИК;ВИК
727;24383630;ВИК;ВИК
728;24383663;ВИК;ВИК
729;24383713;ВИК;ВИК
730;24383739;ВИК;ВИК
731;24383762;ВИК;ВИК
732;24383788;ВИК;ВИК
733;24383804;ВИК;ВИК
734;24383853;ВИК;ВИК
735;24383861;ВИК;ВИК
736;24383879;ВИК;ВИК
737;24383887;ВИК;ВИК
738;24383911;ВИК;ВИК
739;24383929;ВИК;ВИК
740;24383986;ВИК;ВИК
741;24384000;ВИК;ВИК
742;24384026;ВИК;ВИК
743;24384034;ВИК;ВИК
744;24410250;ВИК;ВИК
745;24478588;ВИК;ВИК
746;24478620;ВИК;ВИК
747;24478638;ВИК;ВИК
748;24478653;ВИК;ВИК
749;24478661;ВИК;ВИК
750;24478703;ВИК;ВИК
751;24478729;ВИК;ВИК
752;24478760;ВИК;ВИК
753;24478844;ВИК;ВИК
754;24478851;ВИК;ВИК
755;24478869;ВИК;ВИК
756;24478950;ВИК;ВИК
757;24479032;ВИК;ВИК
758;24479040;ВИК;ВИК
759;24479057;ВИК;ВИК
760;24479065;ВИК;ВИК
761;24479073;ВИК;ВИК
762;24479081;ВИК;ВИК
763;24479107;ВИК;ВИК
764;24479131;ВИК;ВИК
765;24479172;ВИК;ВИК
766;24479180;ВИК;ВИК
767;24479206;ВИК;ВИК
768;24479214;ВИК;ВИК
769;24546251;ВИК;ВИК
770;24552325;ВИК;ВИК
771;24552481;ВИК;ВИК
772;24552556;ВИК;ВИК
773;24596637;ВИК;ВИК
774;24596702;ВИК;ВИК
775;24596777;ВИК;ВИК
776;24596785;ВИК;ВИК
777;26003194;ВИК;ВИК
778;26074997;ВИК;ВИК
779;26322396;ВИК;ВИК
780;24029746;ВИК;ВИК
781;24040875;ВИК;ВИК
782;24057325;ВИК;ВИК
783;24059040;ВИК;ВИК
784;24061970;ВИК;ВИК
785;24096547;ВИК;ВИК
786;24096711;ВИК;ВИК
787;24210171;ВИК;ВИК
788;24210460;ВИК;ВИК
789;24210551;ВИК;ВИК
790;24343113;ВИК;ВИК
791;24383622;ВИК;ВИК
792;24383721;ВИК;ВИК
793;24383747;ВИК;ВИК
794;24383754;ВИК;ВИК
795;24383812;ВИК;ВИК
796;24383903;ВИК;ВИК
797;24384018;ВИК;ВИК
798;24478943;ВИК;ВИК
799;24479115;ВИК;ВИК
800;24479222;ВИК;ВИК
801;56626724;ЕУ-Транс;Техрейс
802;56626666;ЕУ-Транс;Техрейс
803;56365521;Галицька Логістична Компанія;Техрейс
804;56624604;ЕУ-Транс;Техрейс
805;52366978;ЧП ІНВЕСТО;Техрейс
806;56082043;ЧП ІНВЕСТО;Техрейс
807;56086838;ЧП ІНВЕСТО;Техрейс
808;52177201;ЧП ІНВЕСТО;Агрохимресурс
809;52193018;ЧП ІНВЕСТО;Техрейс
810;56082175;ЧП ІНВЕСТО;Лидер
811;52228210;ЧП ІНВЕСТО;Техрейс
812;56432230;ЧП ІНВЕСТО;Техрейс
813;56432255;ЧП ІНВЕСТО;Техрейс
814;56432214;ЧП ІНВЕСТО;Техрейс
815;56627284;ЕУ-Транс;Техрейс
816;56627219;ЕУ-Транс;Техрейс
817;56624729;ЕУ-Транс;ІНТЕК
818;56610280;ЕУ-Транс;Техрейс
819;56610215;ЕУ-Транс;Техрейс
820;56628928;ЕУ-Транс;Техрейс
821;56628670;ЕУ-Транс;Техрейс
822;56624547;ЕУ-Транс;ІНТЕК
823;56610264;ЕУ-Транс;Техрейс
824;53482592;ЕУ-Транс;Техрейс
825;56627284;ЕУ-Транс;Техрейс
826;56627219;ЕУ-Транс;Техрейс
827;56624729;ЕУ-Транс;Техрейс
828;56610280;ЕУ-Транс;Техрейс
829;56610215;ЕУ-Транс;Техрейс
830;56610116;ЕУ-Транс;Техрейс
831;55151591;СВ ТРАНС ГРУПП;Техрейс
832;56695125;ЕУ-Транс;Техрейс
833;56628530;ЕУ-Транс;ІНТЕК
834;56626930;ЕУ-Транс;Техрейс
835;56624224;ЕУ-Транс;ІНТЕК
836;56624216;ЕУ-Транс;Техрейс
837;56698145;ЕУ-Транс;ГРАНІТ-ЮГ С
838;56695174;ЕУ-Транс;ІНТЕК
839;56695059;ЕУ-Транс;Техрейс
840;56628662;ЕУ-Транс;ІНТЕК
841;56627441;ЕУ-Транс;ІНТЕК
842;56628514;ЕУ-Транс;Лидер
843;56628472;ЕУ-Транс;ІНТЕК
844;56627417;ЕУ-Транс;Техрейс
845;56627144;ЕУ-Транс;Техрейс
846;56627102;ЕУ-Транс;Техрейс
847;56624562;ЕУ-Транс;Лидер
848;56610140;ЕУ-Транс;ІНТЕК
849;56610132;ЕУ-Транс;ІНТЕК
850;53498507;ЕУ-Транс;Техрейс
851;56628423;ЕУ-Транс;ІНТЕК
852;56627433;ЕУ-Транс;Техрейс
853;56610173;ЕУ-Транс;Техрейс
854;56610165;ЕУ-Транс;Техрейс
855;56071897;ЕУ-Транс;ІНТЕК
856;56627631;ЕУ-Транс;Техрейс
857;56624406;ЕУ-Транс;ІНТЕК
858;56624356;ЕУ-Транс;Техрейс
859;56610488;ЕУ-Транс;Лидер
860;56610322;ЕУ-Транс;ІНТЕК
861;56697964;ЕУ-Транс;ІНТЕК
862;56628563;ЕУ-Транс;Лидер
863;56628506;ЕУ-Транс;Техрейс
864;56628449;ЕУ-Транс;ІНТЕК
865;56624646;ЕУ-Транс;Техрейс
866;56628324;ЕУ-Транс;Техрейс
867;56626815;ЕУ-Транс;ІНТЕК
868;56627607;ЕУ-Транс;ІНТЕК
869;56627573;ЕУ-Транс;ІНТЕК
870;56624554;ЕУ-Транс;Техрейс
871;53488862;ЕУ-Транс;Лидер
872;56628613;ЕУ-Транс;ІНТЕК
873;56628589;ЕУ-Транс;ІНТЕК
874;56627342;ЕУ-Транс;Техрейс
875;56626831;ЕУ-Транс;Лидер
876;56624778;ЕУ-Транс;ІНТЕК
877;56610272;ЕУ-Транс;Техрейс
878;52292331;ЧП ІНВЕСТО;Техрейс
879;52367851;ЧП ІНВЕСТО;Техрейс
880;52365624;ЧП ІНВЕСТО;Лидер
881;52368685;ЧП ІНВЕСТО;Лидер
882;52526423;"ООО НПП ""ЗАРЯ""";Илит
883;52526563;"ООО НПП ""ЗАРЯ""";Илит
884;52526258;"ООО НПП ""ЗАРЯ""";Илит
885;52525904;"ООО НПП ""ЗАРЯ""";Илит
886;52526654;"ООО НПП ""ЗАРЯ""";Илит
887;52526241;"ООО НПП ""ЗАРЯ""";Илит
888;52526381;"ООО НПП ""ЗАРЯ""";Илит
889;52526209;"ООО НПП ""ЗАРЯ""";Илит
890;52526142;"ООО НПП ""ЗАРЯ""";Илит
891;64680986;Промкомплект;Техрейс
892;52733383;Галицька Логістична Компанія;Техрейс
893;52733383;ЧП ІНВЕСТО;Техрейс
894;29167012;СПС 158;Асстра
895;29136983;СПС 158;Асстра
896;29169463;СПС 158;Асстра
897;29181765;СПС 158;Асстра
898;29182516;СПС 158;Асстра
899;29181815;СПС 158;Асстра
900;52611225;СПС 158;Асстра
901;52569886;СПС 158;Асстра
902;29139409;СПС 158;Асстра
903;29180171;СПС 158;Асстра
904;29168747;СПС 158;29168747
905;29182649;СПС 158;Асстра
906;52733391;ЧП ІНВЕСТО;Техрейс
907;64810872;Галицька Логістична Компанія;Техрейс
908;64810864;Галицька Логістична Компанія;Техрейс
909;23345549;МК Експансія;Кнауф
910;64643414;ЛОГИСТИК ЖД;Техрейс
911;61572244;ЛОГИСТИК ЖД;Техрейс
912;61636015;ЛОГИСТИК ЖД;Техрейс
913;61572707;ЛОГИСТИК ЖД;Техрейс
914;61572731;ЛОГИСТИК ЖД;Техрейс
915;64238520;ЛОГИСТИК ЖД;Техрейс
916;61607347;ЛОГИСТИК ЖД;Техрейс
917;61635884;ЛОГИСТИК ЖД;Техрейс
918;61607214;ЛОГИСТИК ЖД;Техрейс
919;67197665;НПП МК-ЭКСПАНСИЯ;Техрейс
920;52345915;НПП МК-ЭКСПАНСИЯ;Техрейс
921;67197368;НПП МК-ЭКСПАНСИЯ;Техрейс
922;61660429;НПП МК-ЭКСПАНСИЯ;Техрейс
923;67622126;НПП МК-ЭКСПАНСИЯ;Техрейс
924;67197483;НПП МК-ЭКСПАНСИЯ;Техрейс
925;67622258;НПП МК-ЭКСПАНСИЯ;Техрейс
926;55371629;НПП МК-ЭКСПАНСИЯ;Техрейс
927;67431981;НПП МК-ЭКСПАНСИЯ;Техрейс
928;55102222;НПП МК-ЭКСПАНСИЯ;Техрейс
929;55113922;НПП МК-ЭКСПАНСИЯ;Техрейс
930;63542922;СВ ТРАНС ГРУПП;Агрохимресурс
931;61654554;ЛОГИСТИК ЖД;Техрейс
932;63841779;ЛОГИСТИК ЖД;Техрейс
933;64615412;ЛОГИСТИК ЖД;Агрохимресурс
934;64615438;ЛОГИСТИК ЖД;Техрейс
935;64643380;ЛОГИСТИК ЖД;Техрейс
936;64643406;ЛОГИСТИК ЖД;Техрейс
937;64890056;ЛОГИСТИК ЖД;Техрейс
938;64890072;ЛОГИСТИК ЖД;Техрейс
939;61601951;ЛОГИСТИК ЖД;Техрейс
940;61608931;ЛОГИСТИК ЖД;Техрейс
941;64643422;ЛОГИСТИК ЖД;Техрейс
942;56366537;ЧП ІНВЕСТО;Техрейс
943;56389927;ЧП ІНВЕСТО;Техрейс
944;56081532;ЧП ІНВЕСТО;Техрейс
945;52179520;ЧП ІНВЕСТО;Техрейс
946;52249968;ЧП ІНВЕСТО;Техрейс
